{
    "name": "root",
    "gauges": {
        "ShooterBrain.Policy.Entropy.mean": {
            "value": 1.4516942501068115,
            "min": 1.4216119050979614,
            "max": 1.4519667625427246,
            "count": 20
        },
        "ShooterBrain.Policy.Entropy.sum": {
            "value": 72525.1953125,
            "min": 71263.2890625,
            "max": 72751.9765625,
            "count": 20
        },
        "ShooterBrain.Environment.EpisodeLength.mean": {
            "value": 30.0863890615289,
            "min": 30.0863890615289,
            "max": 43.260176991150445,
            "count": 20
        },
        "ShooterBrain.Environment.EpisodeLength.sum": {
            "value": 48409.0,
            "min": 48260.0,
            "max": 48884.0,
            "count": 20
        },
        "ShooterBrain.Step.mean": {
            "value": 999990.0,
            "min": 49956.0,
            "max": 999990.0,
            "count": 20
        },
        "ShooterBrain.Step.sum": {
            "value": 999990.0,
            "min": 49956.0,
            "max": 999990.0,
            "count": 20
        },
        "ShooterBrain.Policy.ExtrinsicValueEstimate.mean": {
            "value": 0.15750297904014587,
            "min": -0.0010298319393768907,
            "max": 0.15750297904014587,
            "count": 20
        },
        "ShooterBrain.Policy.ExtrinsicValueEstimate.sum": {
            "value": 253.42230224609375,
            "min": -1.4149891138076782,
            "max": 253.42230224609375,
            "count": 20
        },
        "ShooterBrain.Environment.CumulativeReward.mean": {
            "value": 0.3257277839471406,
            "min": -0.06511426468353398,
            "max": 0.3257277839471406,
            "count": 20
        },
        "ShooterBrain.Environment.CumulativeReward.sum": {
            "value": 524.0960043709492,
            "min": -73.51400482770987,
            "max": 524.0960043709492,
            "count": 20
        },
        "ShooterBrain.Policy.ExtrinsicReward.mean": {
            "value": 0.3257277839471406,
            "min": -0.06511426468353398,
            "max": 0.3257277839471406,
            "count": 20
        },
        "ShooterBrain.Policy.ExtrinsicReward.sum": {
            "value": 524.0960043709492,
            "min": -73.51400482770987,
            "max": 524.0960043709492,
            "count": 20
        },
        "ShooterBrain.Losses.PolicyLoss.mean": {
            "value": 0.016455364990118446,
            "min": 0.013151498690422158,
            "max": 0.019561486849690685,
            "count": 20
        },
        "ShooterBrain.Losses.PolicyLoss.sum": {
            "value": 0.03291072998023689,
            "min": 0.026302997380844316,
            "max": 0.05868446054907205,
            "count": 20
        },
        "ShooterBrain.Losses.ValueLoss.mean": {
            "value": 0.031687642075121404,
            "min": 0.0023211643119187405,
            "max": 0.03239006439689547,
            "count": 20
        },
        "ShooterBrain.Losses.ValueLoss.sum": {
            "value": 0.06337528415024281,
            "min": 0.004642328623837481,
            "max": 0.08750431345154841,
            "count": 20
        },
        "ShooterBrain.Policy.LearningRate.mean": {
            "value": 7.906297364599997e-06,
            "min": 7.906297364599997e-06,
            "max": 0.00029077290307569996,
            "count": 20
        },
        "ShooterBrain.Policy.LearningRate.sum": {
            "value": 1.5812594729199994e-05,
            "min": 1.5812594729199994e-05,
            "max": 0.0007892973369009,
            "count": 20
        },
        "ShooterBrain.Policy.Epsilon.mean": {
            "value": 0.10263539999999997,
            "min": 0.10263539999999997,
            "max": 0.19692430000000002,
            "count": 20
        },
        "ShooterBrain.Policy.Epsilon.sum": {
            "value": 0.20527079999999995,
            "min": 0.20527079999999995,
            "max": 0.5630991000000001,
            "count": 20
        },
        "ShooterBrain.Policy.Beta.mean": {
            "value": 0.00014150645999999996,
            "min": 0.00014150645999999996,
            "max": 0.00484652257,
            "count": 20
        },
        "ShooterBrain.Policy.Beta.sum": {
            "value": 0.0002830129199999999,
            "min": 0.0002830129199999999,
            "max": 0.01315864509,
            "count": 20
        },
        "ShooterBrain.IsTraining.mean": {
            "value": 1.0,
            "min": 1.0,
            "max": 1.0,
            "count": 20
        },
        "ShooterBrain.IsTraining.sum": {
            "value": 1.0,
            "min": 1.0,
            "max": 1.0,
            "count": 20
        }
    },
    "metadata": {
        "timer_format_version": "0.1.0",
        "start_time_seconds": "1777032976",
        "python_version": "3.7.16 (default, Jan 17 2023, 16:06:28) [MSC v.1916 64 bit (AMD64)]",
        "command_line_arguments": "C:\\Users\\camil\\miniconda3\\envs\\unity\\Scripts\\mlagents-learn config.yaml --run-id \u201cRun1\u201d",
        "mlagents_version": "0.28.0",
        "mlagents_envs_version": "0.28.0",
        "communication_protocol_version": "1.5.0",
        "pytorch_version": "1.7.1+cu110",
        "numpy_version": "1.21.6",
        "end_time_seconds": "1777035166"
    },
    "total": 2189.4084715,
    "count": 1,
    "self": 0.010868099999697733,
    "children": {
        "run_training.setup": {
            "total": 0.19349859999999985,
            "count": 1,
            "self": 0.19349859999999985
        },
        "TrainerController.start_learning": {
            "total": 2189.2041048,
            "count": 1,
            "self": 5.466638499985493,
            "children": {
                "TrainerController._reset_env": {
                    "total": 8.6094826,
                    "count": 1,
                    "self": 8.6094826
                },
                "TrainerController.advance": {
                    "total": 2175.041340900015,
                    "count": 138074,
                    "self": 2.6368014000322546,
                    "children": {
                        "env_step": {
                            "total": 2172.4045394999825,
                            "count": 138074,
                            "self": 1871.7477733999567,
                            "children": {
                                "SubprocessEnvManager._take_step": {
                                    "total": 297.61188029999556,
                                    "count": 138075,
                                    "self": 10.175596899972561,
                                    "children": {
                                        "TorchPolicy.evaluate": {
                                            "total": 287.436283400023,
                                            "count": 111149,
                                            "self": 38.88245720000208,
                                            "children": {
                                                "TorchPolicy.sample_actions": {
                                                    "total": 248.55382620002092,
                                                    "count": 111149,
                                                    "self": 248.55382620002092
                                                }
                                            }
                                        }
                                    }
                                },
                                "workers": {
                                    "total": 3.044885800030313,
                                    "count": 138074,
                                    "self": 0.0,
                                    "children": {
                                        "worker_root": {
                                            "total": 2155.133033299917,