{
    "name": "root",
    "gauges": {
        "ShooterBrain.Policy.Entropy.mean": {
            "value": 1.2918484210968018,
            "min": 1.2918484210968018,
            "max": 1.462984561920166,
            "count": 362
        },
        "ShooterBrain.Policy.Entropy.sum": {
            "value": 32380.1796875,
            "min": 32279.560546875,
            "max": 36688.4140625,
            "count": 362
        },
        "ShooterBrain.Environment.EpisodeLength.mean": {
            "value": 30.671302149178256,
            "min": 30.0,
            "max": 42.80210157618214,
            "count": 362
        },
        "ShooterBrain.Environment.EpisodeLength.sum": {
            "value": 24261.0,
            "min": 24144.0,
            "max": 24440.0,
            "count": 362
        },
        "ShooterBrain.Step.mean": {
            "value": 9049991.0,
            "min": 24979.0,
            "max": 9049991.0,
            "count": 362
        },
        "ShooterBrain.Step.sum": {
            "value": 9049991.0,
            "min": 24979.0,
            "max": 9049991.0,
            "count": 362
        },
        "ShooterBrain.Policy.ExtrinsicValueEstimate.mean": {
            "value": 0.07761190086603165,
            "min": -0.02291145548224449,
            "max": 0.0818345919251442,
            "count": 362
        },
        "ShooterBrain.Policy.ExtrinsicValueEstimate.sum": {
            "value": 61.31340408325195,
            "min": -14.480039596557617,
            "max": 64.73116302490234,
            "count": 362
        },
        "ShooterBrain.Environment.CumulativeReward.mean": {
            "value": 0.12624683579035056,
            "min": -0.06511403940140123,
            "max": 0.12624683579035056,
            "count": 362
        },
        "ShooterBrain.Environment.CumulativeReward.sum": {
            "value": 99.73500027437694,
            "min": -37.1150024587987,
            "max": 99.73500027437694,
            "count": 362
        },
        "ShooterBrain.Policy.ExtrinsicReward.mean": {
            "value": 0.12624683579035056,
            "min": -0.06511403940140123,
            "max": 0.12624683579035056,
            "count": 362
        },
        "ShooterBrain.Policy.ExtrinsicReward.sum": {
            "value": 99.73500027437694,
            "min": -37.1150024587987,
            "max": 99.73500027437694,
            "count": 362
        },
        "ShooterBrain.Losses.PolicyLoss.mean": {
            "value": 0.033579834697375195,
            "min": 0.02745539136129082,
            "max": 0.03993262892778148,
            "count": 362
        },
        "ShooterBrain.Losses.PolicyLoss.sum": {
            "value": 0.16789917348687597,
            "min": 0.11803686226339777,
            "max": 0.1996631446389074,
            "count": 362
        },
        "ShooterBrain.Losses.ValueLoss.mean": {
            "value": 0.008929553714115173,
            "min": 0.000276286317184713,
            "max": 0.013335170622303848,
            "count": 362
        },
        "ShooterBrain.Losses.ValueLoss.sum": {
            "value": 0.04464776857057587,
            "min": 0.001150724239869305,
            "max": 0.05334068248921539,
            "count": 362
        },
        "ShooterBrain.Policy.LearningRate.mean": {
            "value": 5.481664018340501e-05,
            "min": 5.481664018340501e-05,
            "max": 9.993546256453752e-05,
            "count": 362
        },
        "ShooterBrain.Policy.LearningRate.sum": {
            "value": 0.00027408320091702504,
            "min": 0.00022024359475658503,
            "max": 0.00049909883090117,
            "count": 362
        },
        "ShooterBrain.Policy.Epsilon.mean": {
            "value": 0.1274082975,
            "min": 0.1274082975,
            "max": 0.14996773125,
            "count": 362
        },
        "ShooterBrain.Policy.Epsilon.sum": {
            "value": 0.6370414875,
            "min": 0.5101217075,
            "max": 0.7495494149999999,
            "count": 362
        },
        "ShooterBrain.Policy.Beta.mean": {
            "value": 0.0027453480905,
            "min": 0.0027453480905,
            "max": 0.00499677957875,
            "count": 362
        },
        "ShooterBrain.Policy.Beta.sum": {
            "value": 0.0137267404525,
            "min": 0.011030146408500002,
            "max": 0.024955031617000002,
            "count": 362
        },
        "ShooterBrain.IsTraining.mean": {
            "value": 1.0,
            "min": 1.0,
            "max": 1.0,
            "count": 362
        },
        "ShooterBrain.IsTraining.sum": {
            "value": 1.0,
            "min": 1.0,
            "max": 1.0,
            "count": 362
        }
    },
    "metadata": {
        "timer_format_version": "0.1.0",
        "start_time_seconds": "1777123928",
        "python_version": "3.7.16 (default, Jan 17 2023, 16:06:28) [MSC v.1916 64 bit (AMD64)]",
        "command_line_arguments": "C:\\Users\\camil\\miniconda3\\envs\\unity\\Scripts\\mlagents-learn config.yaml --run-id \u201cInitial\u201d",
        "mlagents_version": "0.28.0",
        "mlagents_envs_version": "0.28.0",
        "communication_protocol_version": "1.5.0",
        "pytorch_version": "1.7.1+cu110",
        "numpy_version": "1.21.6",
        "end_time_seconds": "1777139050"
    },
    "total": 15122.9400538,
    "count": 1,
    "self": 0.008116100001643645,
    "children": {
        "run_training.setup": {
            "total": 0.0926939,
            "count": 1,
            "self": 0.0926939
        },
        "TrainerController.start_learning": {
            "total": 15122.8392438,
            "count": 1,
            "self": 24.948058698772,
            "children": {
                "TrainerController._reset_env": {
                    "total": 10.7878705,
                    "count": 1,
                    "self": 10.7878705
                },
                "TrainerController.advance": {
                    "total": 15087.04959130123,
                    "count": 1259537,
                    "self": 20.88679950254118,
                    "children": {
                        "env_step": {
                            "total": 11281.253047798904,
                            "count": 1259537,
                            "self": 8497.470628698418,
                            "children": {
                                "SubprocessEnvManager._take_step": {
                                    "total": 2767.443119700082,
                                    "count": 1259537,
                                    "self": 59.90398440013632,
                                    "children": {
                                        "TorchPolicy.evaluate": {
                                            "total": 2707.539135299946,
                                            "count": 1006725,
                                            "self": 1548.2295185008654,
                                            "children": {
                                                "TorchPolicy.sample_actions": {
                                                    "total": 1159.3096167990805,
                                                    "count": 1006724,
                                                    "self": 1159.3096167990805
                                                }
                                            }
                                        }
                                    }
                                },
                                "workers": {
                                    "total": 16.3392994004031,
                                    "count": 1259536,
                                    "self": 0.0,
                                    "children": {
                                        "worker_root": {
                                            "total": 15077.819497699458,
                                            "count": 1259536,