{"count":1,"self":468.9826816,"total":3223.9617209999997,"children":{"InitializeActuators":{"count":9,"self":0.0021663,"total":0.0021663,"children":null},"InitializeSensors":{"count":9,"self":0.0030884,"total":0.0030884,"children":null},"AgentSendState":{"count":560584,"self":515.1988736,"total":814.9049749,"children":{"CollectObservations":{"count":1009053,"self":2.8173383999999997,"total":2.8173385,"children":null},"WriteActionMask":{"count":1009053,"self":1.0081647,"total":1.0081647,"children":null},"RequestDecision":{"count":1009053,"self":4.0880247999999995,"total":295.8805883,"children":{"AgentInfo.ToProto":{"count":1009053,"self":4.7689328,"total":291.7925633,"children":{"GenerateSensorData":{"count":1009053,"self":282.3873792,"total":287.0236307,"children":{"RayPerceptionSensor.Perceive":{"count":1009053,"self":4.6362559999999995,"total":4.6362561,"children":null}}}}}}}}},"DecideAction":{"count":560584,"self":1907.6278272,"total":1907.6277292,"children":null},"AgentAct":{"count":560584,"self":20.245134399999998,"total":20.2451351,"children":null},"AgentInfo.ToProto":{"count":26692,"self":0.1971512,"total":12.1934034,"children":{"GenerateSensorData":{"count":26692,"self":11.824344799999999,"total":11.996252199999999,"children":{"RayPerceptionSensor.Perceive":{"count":26692,"self":0.17190709999999998,"total":0.17190709999999998,"children":null}}}}}},"gauges":{"ShooterBrain.CumulativeReward":{"count":26692,"max":0.795,"min":-0.8049932,"runningAverage":-0.0384111963,"value":-0.059999954,"weightedAverage":-0.0563875251}},"metadata":{"timer_format_version":"0.1.0","start_time_seconds":"1777118013","unity_version":"2022.3.62f3","command_line_arguments":"C:\\Program Files\\Unity\\Hub\\Editor\\2022.3.62f3\\Editor\\Unity.exe -projectpath C:\\Users\\camil\\Desktop\\RL_Project -acceptSoftwareTermsForThisRunOnly -useHub -hubIPC -cloudEnvironment production -licensingIpc LicenseClient-camil -hubSessionId 6fa9d753-bc78-4857-b6b9-0aa0b04a8367 -accessToken 61j6oSj9jvf8KSZl9MFyhu93zSYcsojvhAigL7s4z8M007f","communication_protocol_version":"1.5.0","com.unity.ml-agents_version":"2.0.2","scene_name":"SampleScene","end_time_seconds":"1777121237"}}