{"count":1,"self":2187.3000448,"total":15159.1557918,"children":{"InitializeActuators":{"count":9,"self":0.0010023999999999999,"total":0.0010023999999999999,"children":null},"InitializeSensors":{"count":9,"self":0.0015038999999999999,"total":0.0015038999999999999,"children":null},"AgentSendState":{"count":5001667,"self":1557.2709376,"total":2665.7187710999997,"children":{"CollectObservations":{"count":9003006,"self":11.562564799999999,"total":11.5625652,"children":null},"WriteActionMask":{"count":9003006,"self":3.9205704,"total":3.9205704,"children":null},"RequestDecision":{"count":9003006,"self":16.811891199999998,"total":1092.9646573,"children":{"AgentInfo.ToProto":{"count":9003006,"self":16.7025424,"total":1076.1527664,"children":{"GenerateSensorData":{"count":9003006,"self":1049.122304,"total":1059.4502243,"children":{"RayPerceptionSensor.Perceive":{"count":9003006,"self":10.3278992,"total":10.3278989,"children":null}}}}}}}}},"DecideAction":{"count":5001667,"self":10131.8377472,"total":10131.8374936,"children":null},"AgentAct":{"count":5001667,"self":110.07297279999999,"total":110.07297589999999,"children":null},"AgentInfo.ToProto":{"count":284418,"self":0.982389,"total":64.2240218,"children":{"GenerateSensorData":{"count":284418,"self":62.6300288,"total":63.2416328,"children":{"RayPerceptionSensor.Perceive":{"count":284418,"self":0.6116036,"total":0.6116036,"children":null}}}}}},"gauges":{"ShooterBrain.CumulativeReward":{"count":284418,"max":2.185,"min":-0.46499756,"runningAverage":0.0940497145,"value":-0.00500000035,"weightedAverage":0.024506269}},"metadata":{"timer_format_version":"0.1.0","start_time_seconds":"1777290850","unity_version":"2022.3.62f3","command_line_arguments":"C:\\Program Files\\Unity\\Hub\\Editor\\2022.3.62f3\\Editor\\Unity.exe -projectpath C:\\Users\\camil\\Desktop\\RL_Project -acceptSoftwareTermsForThisRunOnly -useHub -hubIPC -cloudEnvironment production -licensingIpc LicenseClient-camil -hubSessionId aea32dac-215f-4037-bcb9-c2e8dbc38d7e -accessToken Af7M6ryU37SZHKGwUqnj6y7AnUFJSQWsq_qdNHyUJO4007f","communication_protocol_version":"1.5.0","com.unity.ml-agents_version":"2.0.2","scene_name":"Training","end_time_seconds":"1777306009"}}