{"count":1,"self":2555.4006016,"total":14782.3000698,"children":{"InitializeActuators":{"count":9,"self":0.0010000999999999999,"total":0.0010000999999999999,"children":null},"InitializeSensors":{"count":9,"self":0.0020053,"total":0.0020053,"children":null},"AgentSendState":{"count":4794351,"self":1531.3539071999999,"total":2653.3711590999997,"children":{"CollectObservations":{"count":8629839,"self":11.602824,"total":11.6028244,"children":null},"WriteActionMask":{"count":8629839,"self":4.437328,"total":4.4373281,"children":null},"RequestDecision":{"count":8629839,"self":16.087584,"total":1105.9771478,"children":{"AgentInfo.ToProto":{"count":8629839,"self":17.2142288,"total":1089.8895638,"children":{"GenerateSensorData":{"count":8629839,"self":1062.8317184,"total":1072.6753343,"children":{"RayPerceptionSensor.Perceive":{"count":8629839,"self":9.8435984,"total":9.8435984,"children":null}}}}}}}}},"DecideAction":{"count":4794351,"self":9382.1968384,"total":9382.1967346999991,"children":null},"AgentAct":{"count":4794351,"self":119.36085759999999,"total":119.3608581,"children":null},"AgentInfo.ToProto":{"count":272852,"self":1.1588695,"total":71.967781899999991,"children":{"GenerateSensorData":{"count":272852,"self":70.2073984,"total":70.8089124,"children":{"RayPerceptionSensor.Perceive":{"count":272852,"self":0.6015146,"total":0.6015146,"children":null}}}}}},"gauges":{"ShooterBrain.CumulativeReward":{"count":272852,"max":0.995,"min":-0.46499756,"runningAverage":0.155542657,"value":-0.0100000007,"weightedAverage":0.105628572}},"metadata":{"timer_format_version":"0.1.0","start_time_seconds":"1777307417","unity_version":"2022.3.62f3","command_line_arguments":"C:\\Program Files\\Unity\\Hub\\Editor\\2022.3.62f3\\Editor\\Unity.exe -projectpath C:\\Users\\camil\\Desktop\\RL_Project -acceptSoftwareTermsForThisRunOnly -useHub -hubIPC -cloudEnvironment production -licensingIpc LicenseClient-camil -hubSessionId aea32dac-215f-4037-bcb9-c2e8dbc38d7e -accessToken Af7M6ryU37SZHKGwUqnj6y7AnUFJSQWsq_qdNHyUJO4007f","communication_protocol_version":"1.5.0","com.unity.ml-agents_version":"2.0.2","scene_name":"Training","end_time_seconds":"1777322199"}}