{
    "name": "root",
    "gauges": {
        "ShooterBrain.Policy.Entropy.mean": {
            "value": 1.4016836881637573,
            "min": 1.4016836881637573,
            "max": 1.435034990310669,
            "count": 52
        },
        "ShooterBrain.Policy.Entropy.sum": {
            "value": 35032.28125,
            "min": 35032.28125,
            "max": 35930.40625,
            "count": 52
        },
        "ShooterBrain.Environment.EpisodeLength.mean": {
            "value": 30.062189054726367,
            "min": 30.062189054726367,
            "max": 42.84035087719298,
            "count": 52
        },
        "ShooterBrain.Environment.EpisodeLength.sum": {
            "value": 24170.0,
            "min": 24163.0,
            "max": 24454.0,
            "count": 52
        },
        "ShooterBrain.Step.mean": {
            "value": 1299973.0,
            "min": 24989.0,
            "max": 1299973.0,
            "count": 52
        },
        "ShooterBrain.Step.sum": {
            "value": 1299973.0,
            "min": 24989.0,
            "max": 1299973.0,
            "count": 52
        },
        "ShooterBrain.Policy.ExtrinsicValueEstimate.mean": {
            "value": 0.0007309658685699105,
            "min": -0.8373883962631226,
            "max": 0.12334366142749786,
            "count": 52
        },
        "ShooterBrain.Policy.ExtrinsicValueEstimate.sum": {
            "value": 0.5876965522766113,
            "min": -477.3114013671875,
            "max": 76.96644592285156,
            "count": 52
        },
        "ShooterBrain.Environment.CumulativeReward.mean": {
            "value": -0.0013109453492195563,
            "min": -0.06520175848813858,
            "max": -0.0013109453492195563,
            "count": 52
        },
        "ShooterBrain.Environment.CumulativeReward.sum": {
            "value": -1.0540000607725233,
            "min": -37.16500233823899,
            "max": -1.0540000607725233,
            "count": 52
        },
        "ShooterBrain.Policy.ExtrinsicReward.mean": {
            "value": -0.0013109453492195563,
            "min": -0.06520175848813858,
            "max": -0.0013109453492195563,
            "count": 52
        },
        "ShooterBrain.Policy.ExtrinsicReward.sum": {
            "value": -1.0540000607725233,
            "min": -37.16500233823899,
            "max": -1.0540000607725233,
            "count": 52
        },
        "ShooterBrain.IsTraining.mean": {
            "value": 1.0,
            "min": 1.0,
            "max": 1.0,
            "count": 52
        },
        "ShooterBrain.IsTraining.sum": {
            "value": 1.0,
            "min": 1.0,
            "max": 1.0,
            "count": 52
        },
        "ShooterBrain.Losses.PolicyLoss.mean": {
            "value": 0.013622630172176287,
            "min": 0.009163129272686395,
            "max": 0.015274994311039337,
            "count": 31
        },
        "ShooterBrain.Losses.PolicyLoss.sum": {
            "value": 0.013622630172176287,
            "min": 0.009163129272686395,
            "max": 0.015274994311039337,
            "count": 31
        },
        "ShooterBrain.Losses.ValueLoss.mean": {
            "value": 2.0192109104755218e-05,
            "min": 1.4298000830118932e-05,
            "max": 1.5035245233525834,
            "count": 31
        },
        "ShooterBrain.Losses.ValueLoss.sum": {
            "value": 2.0192109104755218e-05,
            "min": 1.4298000830118932e-05,
            "max": 1.5035245233525834,
            "count": 31
        },
        "ShooterBrain.Policy.LearningRate.mean": {
            "value": 0.0002618851027049701,
            "min": 0.0002618851027049701,
            "max": 0.00029877057040980995,
            "count": 31
        },
        "ShooterBrain.Policy.LearningRate.sum": {
            "value": 0.0002618851027049701,
            "min": 0.0002618851027049701,
            "max": 0.00029877057040980995,
            "count": 31
        },
        "ShooterBrain.Policy.Epsilon.mean": {
            "value": 0.18729502999999995,
            "min": 0.18729502999999995,
            "max": 0.19959019000000006,
            "count": 31
        },
        "ShooterBrain.Policy.Epsilon.sum": {
            "value": 0.18729502999999995,
            "min": 0.18729502999999995,
            "max": 0.19959019000000006,
            "count": 31
        },
        "ShooterBrain.Policy.Beta.mean": {
            "value": 0.004366021996999999,
            "min": 0.004366021996999999,
            "max": 0.0049795504809999995,
            "count": 31
        },
        "ShooterBrain.Policy.Beta.sum": {
            "value": 0.004366021996999999,
            "min": 0.004366021996999999,
            "max": 0.0049795504809999995,
            "count": 31
        }
    },
    "metadata": {
        "timer_format_version": "0.1.0",
        "start_time_seconds": "1777064056",
        "python_version": "3.7.16 (default, Jan 17 2023, 16:06:28) [MSC v.1916 64 bit (AMD64)]",
        "command_line_arguments": "C:\\Users\\camil\\miniconda3\\envs\\unity\\Scripts\\mlagents-learn config.yaml --run-id \u201cRun2\u201d",
        "mlagents_version": "0.28.0",
        "mlagents_envs_version": "0.28.0",
        "communication_protocol_version": "1.5.0",
        "pytorch_version": "1.7.1+cu110",
        "numpy_version": "1.21.6",
        "end_time_seconds": "1777066816"
    },
    "total": 2760.1220448000004,
    "count": 1,
    "self": 0.008930600000439881,
    "children": {
        "run_training.setup": {
            "total": 0.16411440000000033,
            "count": 1,
            "self": 0.16411440000000033
        },
        "TrainerController.start_learning": {
            "total": 2759.9489998,
            "count": 1,
            "self": 6.011224300010781,
            "children": {
                "TrainerController._reset_env": {
                    "total": 13.723771399999999,
                    "count": 1,
                    "self": 13.723771399999999
                },
                "TrainerController.advance": {
                    "total": 2740.0862965999895,
                    "count": 181953,
                    "self": 5.5196230999285945,
                    "children": {
                        "env_step": {
                            "total": 2096.872132900022,
                            "count": 181953,
                            "self": 1511.9514414000416,
                            "children": {
                                "SubprocessEnvManager._take_step": {
                                    "total": 581.0261030999936,
                                    "count": 181953,
                                    "self": 15.235165199910853,
                                    "children": {
                                        "TorchPolicy.evaluate": {
                                            "total": 565.7909379000828,
                                            "count": 146207,
                                            "self": 256.98211030003654,
                                            "children": {
                                                "TorchPolicy.sample_actions": {
                                                    "total": 308.80882760004624,
                                                    "count": 146207,
                                                    "self": 308.80882760004624
                                                }
                                            }
                                        }
                                    }
                                },
                                "workers": {
                                    "total": 3.894588399986514,
                                    "count": 181952,
                                    "self": 0.0,