{
    "name": "root",
    "gauges": {
        "ShooterBrain.Policy.Entropy.mean": {
            "value": 0.8237684369087219,
            "min": 0.8237684369087219,
            "max": 0.9809125065803528,
            "count": 197
        },
        "ShooterBrain.Policy.Entropy.sum": {
            "value": 20647.755859375,
            "min": 18486.27734375,
            "max": 24528.74609375,
            "count": 197
        },
        "ShooterBrain.Environment.EpisodeLength.mean": {
            "value": 31.2229381443299,
            "min": 31.04102564102564,
            "max": 31.445454545454545,
            "count": 197
        },
        "ShooterBrain.Environment.EpisodeLength.sum": {
            "value": 24229.0,
            "min": 18129.0,
            "max": 24286.0,
            "count": 197
        },
        "ShooterBrain.Step.mean": {
            "value": 13999975.0,
            "min": 9099967.0,
            "max": 13999975.0,
            "count": 197
        },
        "ShooterBrain.Step.sum": {
            "value": 13999975.0,
            "min": 9099967.0,
            "max": 13999975.0,
            "count": 197
        },
        "ShooterBrain.Policy.ExtrinsicValueEstimate.mean": {
            "value": 0.09468383342027664,
            "min": 0.0831947773694992,
            "max": 0.11382586508989334,
            "count": 197
        },
        "ShooterBrain.Policy.ExtrinsicValueEstimate.sum": {
            "value": 73.47465515136719,
            "min": 58.21396255493164,
            "max": 88.32887268066406,
            "count": 197
        },
        "ShooterBrain.Environment.CumulativeReward.mean": {
            "value": 0.1449600522655132,
            "min": 0.12606675284887772,
            "max": 0.17421208384236114,
            "count": 197
        },
        "ShooterBrain.Environment.CumulativeReward.sum": {
            "value": 112.48900055803824,
            "min": 89.28400103852618,
            "max": 135.53700122935697,
            "count": 197
        },
        "ShooterBrain.Policy.ExtrinsicReward.mean": {
            "value": 0.1449600522655132,
            "min": 0.12606675284887772,
            "max": 0.17421208384236114,
            "count": 197
        },
        "ShooterBrain.Policy.ExtrinsicReward.sum": {
            "value": 112.48900055803824,
            "min": 89.28400103852618,
            "max": 135.53700122935697,
            "count": 197
        },
        "ShooterBrain.Losses.PolicyLoss.mean": {
            "value": 0.03204890321088897,
            "min": 0.026885118615828107,
            "max": 0.039167808232014066,
            "count": 197
        },
        "ShooterBrain.Losses.PolicyLoss.sum": {
            "value": 0.16024451605444484,
            "min": 0.09876521525657155,
            "max": 0.19583904116007034,
            "count": 197
        },
        "ShooterBrain.Losses.ValueLoss.mean": {
            "value": 0.00978103131521493,
            "min": 0.007905742086586542,
            "max": 0.011195147605612873,
            "count": 197
        },
        "ShooterBrain.Losses.ValueLoss.sum": {
            "value": 0.04890515657607465,
            "min": 0.028250698430929335,
            "max": 0.05597573802806437,
            "count": 197
        },
        "ShooterBrain.Policy.LearningRate.mean": {
            "value": 3.0072534927535003e-05,
            "min": 3.0072534927535003e-05,
            "max": 5.454230545774001e-05,
            "count": 197
        },
        "ShooterBrain.Policy.LearningRate.sum": {
            "value": 0.000150362674637675,
            "min": 0.000120753634246645,
            "max": 0.0002721978778023501,
            "count": 197
        },
        "ShooterBrain.Policy.Epsilon.mean": {
            "value": 0.11503623249999999,
            "min": 0.11503623249999999,
            "max": 0.12727113,
            "count": 197
        },
        "ShooterBrain.Policy.Epsilon.sum": {
            "value": 0.5751811625,
            "min": 0.38181339000000003,
            "max": 0.6360988249999999,
            "count": 197
        },
        "ShooterBrain.Policy.Beta.mean": {
            "value": 0.0015106160035,
            "min": 0.0015106160035,
            "max": 0.0027316587739999996,
            "count": 197
        },
        "ShooterBrain.Policy.Beta.sum": {
            "value": 0.0075530800175,
            "min": 0.0060655924145,
            "max": 0.013632662735,
            "count": 197
        },
        "ShooterBrain.IsTraining.mean": {
            "value": 1.0,
            "min": 1.0,
            "max": 1.0,
            "count": 197
        },
        "ShooterBrain.IsTraining.sum": {
            "value": 1.0,
            "min": 1.0,
            "max": 1.0,
            "count": 197
        }
    },
    "metadata": {
        "timer_format_version": "0.1.0",
        "start_time_seconds": "1777282438",
        "python_version": "3.7.16 (default, Jan 17 2023, 16:06:28) [MSC v.1916 64 bit (AMD64)]",
        "command_line_arguments": "C:\\Users\\camil\\miniconda3\\envs\\unity\\Scripts\\mlagents-learn config_2.yaml --run-id Second --resume",
        "mlagents_version": "0.28.0",
        "mlagents_envs_version": "0.28.0",
        "communication_protocol_version": "1.5.0",
        "pytorch_version": "1.7.1+cu110",
        "numpy_version": "1.21.6",
        "end_time_seconds": "1777290790"
    },
    "total": 8352.2522662,
    "count": 1,
    "self": 0.005222599997068755,
    "children": {
        "run_training.setup": {
            "total": 0.09472140000000007,
            "count": 1,
            "self": 0.09472140000000007
        },
        "TrainerController.start_learning": {
            "total": 8352.152322200001,
            "count": 1,
            "self": 12.559835199879672,
            "children": {
                "TrainerController._reset_env": {
                    "total": 9.341520299999999,
                    "count": 1,
                    "self": 9.341520299999999
                },
                "TrainerController.advance": {
                    "total": 8330.16945990012,
                    "count": 684142,
                    "self": 11.66615129999991,
                    "children": {
                        "env_step": {
                            "total": 6124.631078900269,
                            "count": 684142,
                            "self": 4661.856905300601,
                            "children": {
                                "SubprocessEnvManager._take_step": {
                                    "total": 1454.1531078999842,
                                    "count": 684142,
                                    "self": 32.07792839997296,
                                    "children": {
                                        "TorchPolicy.evaluate": {
                                            "total": 1422.0751795000112,
                                            "count": 548686,
                                            "self": 746.923680199992,
                                            "children": {
                                                "TorchPolicy.sample_actions": {
                                                    "total": 675.1514993000193,
                                                    "count": 548686,
                                                    "self": 675.1514993000193
                                                }
                                            }
                                        }
                                    }
                                },
                                "workers": {
                                    "total": 8.62106569968354,
                                    "count": 684141,
                                    "self": 0.0,
                                    "children": {
                                        "worker_root": {
                                            "total": 8324.536705100603,